{"swagger":"2.0","info":{"title":"Default title","description":"Return digits-only phone, it removes spaces from phone number","version":"1.0"},"host":"example.org","basePath":"/","schemes":["https"],"consumes":[],"produces":[],"paths":{"/clean-phone":{"post":{"responses":{"default":{"description":"default","schema":{"type":"object","properties":{"clean":{"type":"string","description":"clean"}}}}},"summary":"clean phone number","description":"Return digits-only phone, it removes spaces from phone number","operationId":"CleanPhone","parameters":[{"name":"body","in":"body","required":false,"schema":{"type":"object","properties":{"phone":{"type":"string","description":"phone"}}}}]}}},"definitions":{},"parameters":{},"responses":{},"securityDefinitions":{},"security":[],"tags":[]}