<ImportExportXml xmlns:xsi="http://www.w3.org/2001/XMLSchema-instance" OrganizationVersion="9.2.25065.168" OrganizationSchemaType="Full" CRMServerServiceabilityVersion="9.2.25073.00188">
  <Entities></Entities>
  <Roles></Roles>
  <Workflows>
    <Workflow WorkflowId="{4b835df4-1d75-f011-b4cb-000d3ae18ec1}" Name="Button -&gt; Run a query against a dataset">
      <JsonFileName>/Workflows/Button-Runaqueryagainstadataset-4B835DF4-1D75-F011-B4CB-000D3AE18EC1.json</JsonFileName>
      <Type>1</Type>
      <Subprocess>0</Subprocess>
      <Category>5</Category>
      <Mode>0</Mode>
      <Scope>4</Scope>
      <OnDemand>0</OnDemand>
      <TriggerOnCreate>0</TriggerOnCreate>
      <TriggerOnDelete>0</TriggerOnDelete>
      <AsyncAutodelete>0</AsyncAutodelete>
      <SyncWorkflowLogOnFailure>0</SyncWorkflowLogOnFailure>
      <StateCode>1</StateCode>
      <StatusCode>2</StatusCode>
      <RunAs>1</RunAs>
      <IsTransacted>1</IsTransacted>
      <IntroducedVersion>1.0.0.0</IntroducedVersion>
      <IsCustomizable>1</IsCustomizable>
      <BusinessProcessType>0</BusinessProcessType>
      <IsCustomProcessingStepAllowedForOtherPublishers>1</IsCustomProcessingStepAllowedForOtherPublishers>
      <ModernFlowType>0</ModernFlowType>
      <PrimaryEntity>none</PrimaryEntity>
      <LocalizedNames>
        <LocalizedName languagecode="1033" description="Button -&gt; Run a query against a dataset" />
      </LocalizedNames>
    </Workflow>
  </Workflows>
  <FieldSecurityProfiles></FieldSecurityProfiles>
  <Templates />
  <EntityMaps />
  <EntityRelationships />
  <OrganizationSettings />
  <optionsets />
  <CustomControls />
  <EntityDataProviders />
  <Connectors>
    <Connector>
      <connectorid>8193b9c5-bf01-4578-bdb1-b8a2318d46db</connectorid>
      <description>Return digits-only phone, it removes spaces from phone number</description>
      <displayname>Clean Phone</displayname>
      <iconbrandcolor></iconbrandcolor>
      <name>cr22d_5Fclean-20phone</name>
      <connectortype>1</connectortype>
      <scriptoperations>["CleanPhone"]</scriptoperations>
      <openapidefinition>/Connector/cr22d_5Fclean-20phone_openapidefinition.json</openapidefinition>
      <connectionparameters>/Connector/cr22d_5Fclean-20phone_connectionparameters.json</connectionparameters>
      <policytemplateinstances>/Connector/cr22d_5Fclean-20phone_policytemplateinstances.json</policytemplateinstances>
      <customcodeblobcontent>/Connector/cr22d_5Fclean-20phone_customcodeblobcontent.csx</customcodeblobcontent>
      <iconblob>/Connector/cr22d_5Fclean-20phone_iconblob.Png</iconblob>
    </Connector>
  </Connectors>
  <connectionreferences>
    <connectionreference connectionreferencelogicalname="new_sharedcr22d5fclean20phone5f0000917c57745e89_58891">
      <connectionreferencedisplayname>Clean Phone</connectionreferencedisplayname>
      <connectorid>/providers/Microsoft.PowerApps/apis/shared_cr22d-5fclean-20phone-5f0000917c57745e89</connectorid>
      <customconnectorid>
        <connectorid>8193b9c5-bf01-4578-bdb1-b8a2318d46db</connectorid>
      </customconnectorid>
      <iscustomizable>1</iscustomizable>
      <promptingbehavior>0</promptingbehavior>
      <statecode>0</statecode>
      <statuscode>1</statuscode>
    </connectionreference>
    <connectionreference connectionreferencelogicalname="new_sharedpowerbi_5d1a0">
      <connectionreferencedisplayname>Power BI</connectionreferencedisplayname>
      <connectorid>/providers/Microsoft.PowerApps/apis/shared_powerbi</connectorid>
      <iscustomizable>1</iscustomizable>
      <promptingbehavior>0</promptingbehavior>
      <statecode>0</statecode>
      <statuscode>1</statuscode>
    </connectionreference>
  </connectionreferences>
  <Languages>
    <Language>1033</Language>
  </Languages>
</ImportExportXml>