{
  "properties": {
    "connectionReferences": {
      "shared_powerbi": {
        "runtimeSource": "invoker",
        "connection": {
          "connectionReferenceLogicalName": "new_sharedpowerbi_5d1a0"
        },
        "api": {
          "name": "shared_powerbi"
        }
      },
      "shared_cr22d-5fclean-20phone-5f0000917c57745e89": {
        "runtimeSource": "invoker",
        "connection": {
          "connectionReferenceLogicalName": "new_sharedcr22d5fclean20phone5f0000917c57745e89_58891"
        },
        "api": {
          "name": "shared_cr22d-5Fclean-20phone-5F0000917c57745e89",
          "logicalName": "cr22d_5Fclean-20phone"
        }
      }
    },
    "definition": {
      "$schema": "https://schema.management.azure.com/providers/Microsoft.Logic/schemas/2016-06-01/workflowdefinition.json#",
      "contentVersion": "1.0.0.0",
      "parameters": {
        "$authentication": {
          "defaultValue": {},
          "type": "SecureObject"
        },
        "$connections": {
          "defaultValue": {},
          "type": "Object"
        }
      },
      "triggers": {
        "manual": {
          "metadata": {
            "operationMetadataId": "3fd8cd7f-3f88-499a-b714-2ec838cf90d0"
          },
          "type": "Request",
          "kind": "Button",
          "inputs": {
            "schema": {
              "type": "object",
              "properties": {},
              "required": []
            }
          }
        }
      },
      "actions": {
        "Run_a_query_against_a_dataset": {
          "runAfter": {},
          "metadata": {
            "operationMetadataId": "a02a6f66-947d-4a05-84f4-cd6112f265ac"
          },
          "type": "OpenApiConnection",
          "inputs": {
            "parameters": {
              "groupid": "myworkspace",
              "datasetid": "dc6db430-c63d-4a79-ac38-f964dfec4dda",
              "specification/query": "EVALUATE\nSELECTCOLUMNS(\n    FILTER(\n        'WSSQuery',\n        CONTAINSSTRING( LOWER('WSSQuery'[Name]), \"sunshine coast\" )\n    ),\n    \"Name\",        'WSSQuery'[Name],\n    \"Address 1\",   'WSSQuery'[Address 1],\n    \"Address 2\",   'WSSQuery'[Address 2],\n    \"Suburb\",      'WSSQuery'[Suburb],\n    \"Postcode\",    'WSSQuery'[Postcode],\n    \"State\",       'WSSQuery'[State],\n    \"Phone 1\",     'WSSQuery'[Phone 1],\n    \"Phone 2\",     'WSSQuery'[Phone 2],\n    \"Website\",     'WSSQuery'[Website],\n    \"Hours 1\",     'WSSQuery'[Hours 1],\n    \"Category\",    'WSSQuery'[Category],\n    \"Keywords\",    'WSSQuery'[Keywords],\n    \"Services\",    'WSSQuery'[Services]\n)\n",
              "specification/serializerSettings/includeNulls": false
            },
            "host": {
              "apiId": "/providers/Microsoft.PowerApps/apis/shared_powerbi",
              "operationId": "ExecuteDatasetQuery",
              "connectionName": "shared_powerbi"
            }
          }
        },
        "Parse_JSON": {
          "runAfter": {
            "Run_a_query_against_a_dataset": [
              "Succeeded"
            ]
          },
          "type": "ParseJson",
          "inputs": {
            "content": "@body('Run_a_query_against_a_dataset')",
            "schema": {
              "type": "object",
              "properties": {
                "[Name]": {
                  "type": "string"
                },
                "[Suburb]": {
                  "type": "string"
                },
                "[Postcode]": {
                  "type": "string"
                },
                "[State]": {
                  "type": "string"
                },
                "[Phone 1]": {
                  "type": "string"
                },
                "[Website]": {
                  "type": "string"
                },
                "[Hours 1]": {
                  "type": "string"
                },
                "[Category]": {
                  "type": "string"
                },
                "[Keywords]": {
                  "type": "string"
                },
                "[Services]": {
                  "type": "string"
                }
              }
            }
          }
        },
        "Apply_to_each": {
          "foreach": "@outputs('Run_a_query_against_a_dataset')?['body/firstTableRows']",
          "actions": {
            "clean_phone_number": {
              "type": "OpenApiConnection",
              "inputs": {
                "parameters": {
                  "body/phone": "@body('Parse_JSON')?['[Phone 1]']"
                },
                "host": {
                  "apiId": "/providers/Microsoft.PowerApps/apis/shared_cr22d-5Fclean-20phone-5F0000917c57745e89",
                  "operationId": "CleanPhone",
                  "connectionName": "shared_cr22d-5fclean-20phone-5f0000917c57745e89"
                }
              }
            },
            "HTTP": {
              "runAfter": {
                "Compose": [
                  "Succeeded"
                ]
              },
              "type": "Http",
              "inputs": {
                "uri": "https://redcapdemo.vumc.org/api/",
                "method": "POST",
                "headers": {
                  "Content-Type": "application/x-www-form-urlencoded",
                  "Accept": "application/json"
                },
                "body": "token=7BA7718C273A53D053634636430B403B&content=record&format=json&type=flat&returnContent=count&data=@{uriComponent(concat('[',string(outputs('Compose')), ']'))}\n"
              },
              "runtimeConfiguration": {
                "contentTransfer": {
                  "transferMode": "Chunked"
                }
              }
            },
            "Compose": {
              "runAfter": {
                "clean_phone_number": [
                  "Succeeded"
                ]
              },
              "type": "Compose",
              "inputs": {
                "record_id": "@{variables('record_id')}",
                "name": "@{items('Apply_to_each')?['[Name]']}",
                "address_1": "@{coalesce(items('Apply_to_each')?['[Address 1]'], '')}",
                "address_2": "@{coalesce(items('Apply_to_each')?['[Address 2]'], '')}",
                "suburb": "@{coalesce(items('Apply_to_each')?['[Suburb]'], '')}",
                "postcode": "@{coalesce(items('Apply_to_each')?['[Postcode]'], '')}",
                "state": "@{coalesce(items('Apply_to_each')?['[State]'], '')}",
                "phone_1": "@{outputs('clean_phone_number')?['body/clean']}",
                "phone_2": "@{coalesce(items('Apply_to_each')?['[Phone 2]'], '')}",
                "website": "@{coalesce(items('Apply_to_each')?['[Website]'], '')}",
                "hours_1": "@{coalesce(items('Apply_to_each')?['[Hours 1]'], '')}",
                "category": "@{coalesce(items('Apply_to_each')?['[Category]'], '')}",
                "keywords": "@{coalesce(items('Apply_to_each')?['[Keywords]'], '')}",
                "services": "@{coalesce(items('Apply_to_each')?['[Services]'], '')}"
              }
            },
            "Increment_variable": {
              "runAfter": {
                "HTTP": [
                  "Succeeded"
                ]
              },
              "type": "IncrementVariable",
              "inputs": {
                "name": "record_id",
                "value": 1
              }
            }
          },
          "runAfter": {
            "Initialize_variable": [
              "Succeeded"
            ]
          },
          "type": "Foreach"
        },
        "Initialize_variable": {
          "runAfter": {
            "Parse_JSON": [
              "Succeeded"
            ]
          },
          "type": "InitializeVariable",
          "inputs": {
            "variables": [
              {
                "name": "record_id",
                "type": "integer",
                "value": 1001
              }
            ]
          }
        }
      }
    },
    "templateName": null
  },
  "schemaVersion": "1.0.0.0"
}